,CAGR,Annual Vol,Sharpe,Max Drawdown,Calmar
Shared_180d,0.12389498960892187,0.12003067477699973,1.0321943939672213,-0.23870130967870928,0.5190377454387823
Best_Static_ETF_Level,0.12222718372518471,0.12624848886638462,0.968147696837339,-0.22781900102746278,0.5365100504081776
SPY_BuyHold,0.13973273870704195,0.14915339770127875,0.9368391257629659,-0.23927174690875153,0.5839918022595886
Portfolio_60_40,0.0780933684450047,0.10855949908002366,0.7193600662014742,-0.20507491096330976,0.3808041075242816
EqualWeight_ETFs,0.08316942412210615,0.1186230976873643,0.7011233540815326,-0.23939377961720398,0.3474168136494437
RPAR,0.026869638254023664,0.1364485463640877,0.1969213961600368,-0.2858076600268503,0.09401300948861688
DBMF,0.10696426043455154,0.12092424500764158,0.8845559501139919,-0.17298495382380408,0.6183443014558438
KMLM,0.04376961298306181,0.12791244020618003,0.34218417624204706,-0.25926315471614547,0.16882311345390755
