,CAGR,Annual Vol,Sharpe,Max Drawdown,Calmar
Strategy_60d,0.1231614872907516,0.12681287475499223,0.9712064924693549,-0.23090861992780454,0.5333776076841958
Strategy_120d,0.12412236877031924,0.12858403364010754,0.9653015639385213,-0.24481959858270652,0.5069952303201225
Strategy_180d,0.11486554100556257,0.12153405752068476,0.9451304708230676,-0.2387013096787094,0.4812103509619236
Strategy_252d,0.12377968694945651,0.12745771289967228,0.9711431668861742,-0.22592079573098556,0.5478897440536938
SPY_BuyHold,0.10765094352213223,0.150318209529034,0.7161537105811484,-0.5078480397371832,0.21197471506997004
Portfolio_60_40,0.08161824767554626,0.09204661404869523,0.8867055949756928,-0.29459608817402083,0.2770513627028664
EqualWeight_ETFs,0.08601105159694988,0.11116163241744917,0.773747647695111,-0.32848627149542076,0.2618406279367109
