,CAGR,Annual Vol,Sharpe,Max Drawdown,Calmar
Shared_180d_VolTarget_Sleeve,0.11766091460790506,0.10852058184983891,1.084226720887967,-0.2033394945139494,0.5786427023887056
Shared_252d_VolTarget_Sleeve,0.12875766343846728,0.11287042756087648,1.1407564073328424,-0.20162850587357983,0.6385885908374372
Best_Static_ETF_Level_VolTarget_Sleeve,0.11892113771957669,0.10607012084298151,1.1211558615608526,-0.20343069306532247,0.5845781476121236
Shared_180d_MinVar_VolTarget_Sleeve,0.1175168221757843,0.10745385087034659,1.0936492384770802,-0.2386891757335331,0.4923424860580074
Shared_252d_MinVar_VolTarget_Sleeve,0.13476675281948958,0.11378954070693928,1.184350969185967,-0.20627518092804253,0.6533347939057288
Best_Static_ETF_Level_InverseVol_VolTarget_Sleeve,0.12029989713873479,0.10530832991364976,1.1423587976124752,-0.20819169857178332,0.5778323437678091
