,CAGR,Annual Vol,Sharpe,Max Drawdown,Calmar
Strategy_60d,0.10542062602606328,0.11736175288192828,0.8982536766651879,-0.23090861992780443,0.45654694943403995
Strategy_120d,0.10375377434077238,0.11521637588276774,0.9005123928419817,-0.2448195985827062,0.42379684854242483
Strategy_180d,0.10269438101598727,0.11250354984165016,0.9128101394180949,-0.23870130967870906,0.4302212717400397
Strategy_252d,0.09833379429521982,0.11526733553555481,0.8530933229118344,-0.22592079573098522,0.43525782554480114
Best_Manual_AssetClass,0.10269438101598727,0.11250354984165016,0.9128101394180949,-0.23870130967870906,0.4302212717400397
Best_Correlation_Cluster,0.10269438101598727,0.11250354984165016,0.9128101394180949,-0.23870130967870906,0.4302212717400397
Best_Static_ETF_Level,0.11420210920303253,0.1100688184386768,1.0375518772980972,-0.2278190010274629,0.501284391064755
WalkForward_Adaptive_ETF,0.08453013141554178,0.10220794626522942,0.8270406999098314,-0.24694978644336263,0.3422968395031537
